{
  "wasmtime.cranelift": 31347.962890625,
  "wasmer.cranelift": 30499.427734375,
  "v8": 26907.037109375,
  "wasmtime.winch": 12929.919921875,
  "wasmer.singlepass": 12243.6484375,
  "wasmi-v2.eager.checked": 2822.466796875,
  "wasm3.eager": 2804.852294921875,
  "stitch": 2192.822265625,
  "wasmi-v1.eager.checked": 1919.8770751953125,
  "wasmtime.pulley": 1701.0660400390625,
  "wasmi-v0.32": 1660.8536376953125,
  "wamr": 1427.95947265625,
  "tinywasm": 923.5160522460938,
  "wasmi-v0.31": 877.6129150390625,
  "fizzy": 857.2987060546875,
  "spacewasm": 431.9965515136719,
  "wasmedge": 310.7278747558594,
  "toywasm": 253.10047912597656
}
