{
  "wasmtime.cranelift": 23185.716796875,
  "wasmer.cranelift": 22631.26171875,
  "v8": 21222.41015625,
  "wasmtime.winch": 11764.7060546875,
  "wasmer.singlepass": 9269.40234375,
  "wasmi-v2.eager.checked": 1615.37841796875,
  "stitch": 1335.20263671875,
  "wamr": 1277.2208251953125,
  "wasmtime.pulley": 1138.822509765625,
  "wasm3.eager": 1131.3497314453125,
  "wasmi-v1.eager.checked": 1076.4842529296875,
  "wasmi-v0.32": 849.8802490234375,
  "tinywasm": 569.5350341796875,
  "wasmi-v0.31": 453.54901123046875,
  "fizzy": 387.54681396484375,
  "spacewasm": 247.15768432617188,
  "wasmedge": 159.48963928222656,
  "toywasm": 69.6158447265625
}
