{
  "wasmtime.cranelift": 23571.93359375,
  "wasmer.cranelift": 23064.50390625,
  "v8": 21674.734375,
  "wasmer.singlepass": 9038.619140625,
  "wasmtime.winch": 8588.3818359375,
  "stitch": 2721.08837890625,
  "wasm3.eager": 2299.731689453125,
  "wasmi-v2.eager.checked": 2118.045654296875,
  "wamr": 1987.544677734375,
  "wasmi-v1.eager.checked": 1245.6402587890625,
  "wasmi-v0.32": 1186.098876953125,
  "wasmtime.pulley": 1147.57861328125,
  "wasmi-v0.31": 859.7108154296875,
  "fizzy": 695.2344970703125,
  "tinywasm": 661.8133544921875,
  "spacewasm": 332.1983337402344,
  "wasmedge": 195.1854248046875,
  "toywasm": 98.70782470703125
}
